state,temp,humidity,wind,rainfall
Gujarat,24.440599409765397,64.78353277034076,13.116165168800551,96.13084232671669
Kerala,27.65262807032524,68.13840065378947,10.146329228750151,87.89119851538238
Gujarat,30.111109133059916,53.58310629594982,9.87273035912709,75.21870799621813
Gujarat,26.483280991462962,27.90569015885641,9.482100156302996,49.861043308594354
Gujarat,27.278086377374088,61.663838845647994,7.396025690310789,89.17382227982812
Karnataka,26.99873074947044,74.21159731569958,13.164136005048729,92.2484439493137
Gujarat,29.93251387631033,44.13433606566149,15.290179648412757,51.13196982271491
Karnataka,23.110303480887588,54.703250219893974,10.154137127303267,74.81938365121182
Karnataka,31.093191580269313,73.22641558422916,7.963658628539569,85.1962547672789
Karnataka,41.70373167051523,76.06477780526053,12.385665916121035,112.60492048271037
Rajasthan,31.620419846973974,54.22376579375525,9.292311998776166,84.20779816476912
Kerala,33.181525541725854,46.399189971301055,13.904170349707886,81.13515231549766
Karnataka,25.803912383886807,55.36181436223178,13.325053725614255,85.09406858016085
Karnataka,28.771261562864797,48.45498339500838,16.848689368532504,79.81197209031328
Gujarat,34.17397709615214,64.44842076493455,7.848680493938072,91.31245186753424
Kerala,31.80697802754207,83.07054849698955,11.856695843560194,127.67757501523049
Maharashtra,26.925621202913447,64.99338660733395,6.47713190291099,86.70367204411663
Maharashtra,30.45880388267751,30.186466280986608,11.121312448649952,51.68789345904517
Rajasthan,22.90701768492221,62.85505477447751,12.543015317905946,89.19756659647194
Kerala,32.50724165762403,77.37279979398042,13.028467480225117,108.3375692961527
Gujarat,34.81320644999851,56.85461344744503,8.903828277013984,79.36320942590923
Maharashtra,26.489734530613237,55.085067801033475,10.43156738747137,61.58232892898419
Gujarat,23.253050133834954,44.71390821947895,12.508048957487194,49.03636301504679
Rajasthan,24.51867102359322,73.72326482889018,9.335757519078285,92.78865113565887
Maharashtra,26.686308433108934,57.80290789887576,8.615931934177176,71.89697042715159
Karnataka,26.20836439740879,66.86123473078715,11.742487796796132,93.26394088705742
Rajasthan,36.18508036468231,38.60281672911671,13.352090635500566,80.15600503616591
Karnataka,35.7141140725751,71.27899549030161,15.164127788172188,89.74873874025045
Rajasthan,37.02602652939094,80.88488630237855,8.477436725880922,113.80059529563117
Maharashtra,30.14049731674101,42.043694049925456,15.158691219002689,65.28996878521066
Gujarat,22.246682844669337,61.02844462209041,7.7507851450955805,86.76816373166629
Maharashtra,32.14006420494714,22.954517023986043,13.927916556011578,48.70164115065657
Maharashtra,28.21627487115903,68.34182697800948,16.175442443674633,96.53017868943546
Maharashtra,21.447352107374847,61.78467737843978,16.00194243104842,81.58891480109322
Maharashtra,34.82405291164218,44.02753270705491,12.434847198509543,67.57224801501171
Maharashtra,26.599876392107547,63.48380545741505,13.172289893194725,78.38530359672973
Rajasthan,25.073091014371563,43.590893863972894,0.4821724261104965,56.669189765993636
Rajasthan,33.67250532440023,45.682541070578694,8.995282301344286,57.65243672528596
Gujarat,36.71584106148389,48.981785250787105,8.160421471544375,85.73721857472465
Gujarat,41.36672579008741,62.20461975685824,14.158436806334663,76.09841918765389
Rajasthan,34.55256109247334,59.55411963468915,4.254495160061599,78.99130027871874
Maharashtra,28.67671583381022,100.80253749884429,14.502669391060024,122.37902653403742
Kerala,37.39924387599277,65.95161421906694,4.866995751337905,93.95011567140519
Kerala,33.03064681549542,30.836556093756005,13.34559505514501,50.021810312863074
Gujarat,25.766031409657977,37.27729162971203,10.213940191731915,63.11557154619857
Karnataka,33.55054620181977,61.387183073266456,14.52029975440403,103.7131775855407
Karnataka,30.29104359223,42.85544553254066,13.431149441393133,68.15055686642819
Maharashtra,32.09319734586301,49.07731125955,4.792448123973759,78.17880852218053
Karnataka,31.522245599354264,63.858112364701604,12.095727257863349,97.48127934808397
Maharashtra,24.083671892727907,67.42493481287542,11.33876154178575,82.67837750595363
Gujarat,22.197214637813655,90.00522133659155,7.199473049079347,128.9588354502698
Karnataka,21.05751747509752,65.3595681290495,10.341872778440434,86.65966578428417
Gujarat,20.04231106734293,66.39038800251004,9.83485823344013,94.5073937109075
Gujarat,26.34816684141432,63.246878843729625,12.182287359615255,78.89964834923995
Kerala,36.81717745475852,72.43148966407313,12.060573113039457,106.12894455902249
Kerala,26.69106767615806,72.78650002194335,8.829917046269198,96.8929943358613
Rajasthan,38.906455385131835,49.83876498427865,5.804685280703632,74.08704944844821
Maharashtra,23.695580228324772,73.76792920582164,20.488624788050533,104.54737033024468
Kerala,26.346292983851733,40.80120400105305,11.050432155173324,77.53951845136058
Karnataka,33.49546190929995,68.99844950566509,10.075007464705976,75.58542808168568
Rajasthan,38.16205651965818,38.54787933059051,10.239822053212064,63.573942613434994
Karnataka,30.29254451153422,95.21995392675484,13.6199020350821,134.42162810694646
Gujarat,32.83884183878813,62.222725970687236,16.68974312956897,91.39376925495137
Gujarat,37.93008408072676,41.43276751759726,20.532133498625065,43.003845016667555
Rajasthan,35.68508709316729,66.70335217161102,7.420205919714394,101.57366554588236
Rajasthan,27.567836169738197,63.1139739192858,15.539961868746662,80.21340074093838
Karnataka,23.80884574425825,47.63023008523391,19.805120342943017,62.718311497796876
Karnataka,34.49799937716625,64.60949281314915,15.25144847535584,96.50124494099146
Maharashtra,18.916194727585456,80.84349507922445,19.481695591262067,117.5059531051726
Kerala,21.06164194034109,41.69144843577219,9.323189087275148,69.38297554438238
Rajasthan,33.82239117662856,43.33254280883854,8.549539513737807,74.25132499904063
Maharashtra,28.370134295092555,108.8097768913141,5.82000420561201,134.58344719057038
Kerala,31.62083176244221,58.047854184484734,12.387983859970873,87.70301599898066
Rajasthan,31.009537209013978,47.92894972386756,6.237389044772733,73.84146810224163
Rajasthan,33.12059908526078,69.4251826389642,11.951012908612341,87.3126711219454
Karnataka,34.87559866708875,57.79413927746792,8.698011212829954,80.96750468612696
Gujarat,34.44492147138577,67.44096349838813,12.222288627775868,95.0872595603168
Rajasthan,27.472788631040682,39.648217733721566,5.673384297541818,60.40233044916423
Rajasthan,35.77177169204462,52.83927404137019,9.343090226782309,92.09120129011355
Kerala,31.554537827990025,82.13034325424329,15.430638492808077,108.10510397161025
Kerala,27.128992755961605,37.620385118117255,18.360630876043402,57.91718880138917
Rajasthan,32.77346397111814,70.99760047116528,7.583112845811468,106.92463711018993
Maharashtra,22.771950137639585,47.337946297233906,10.627195053475328,69.58011665374629
Karnataka,31.120462409052084,60.18888601172692,12.390704394195327,76.33958526178509
Gujarat,26.490932787362,45.4933341809855,17.747018690198214,55.49636203372583
Kerala,29.44534032185245,74.64463689721654,6.188602163710557,110.27971789761459
Gujarat,23.95438805219507,83.83716198303827,8.972375637953617,101.13928748567619
Rajasthan,31.708779878885796,88.14256258823829,15.8016953527442,111.11591988288154
Gujarat,26.768502503496254,53.94667564729634,18.738739858422484,55.19548696673521
Maharashtra,33.5012147668121,58.01550834086306,11.705555536832374,80.03533884151989
Maharashtra,31.7030762564418,59.79333067099212,17.489511186188984,75.57882064762089
Maharashtra,29.42730077373691,78.56724467960193,5.622289364822532,101.31390696340628
Gujarat,30.026218498590914,60.70470890647113,10.199738114083026,91.0273378263109
Maharashtra,23.157049422290715,68.03237714962808,16.24178725644187,103.75855108294832
Gujarat,12.609153931817218,55.97605407075731,9.928350976777462,79.42559020077269
Maharashtra,40.303739624409936,86.33011263664807,11.004143406083706,130.16247146390108
Rajasthan,37.445225869422394,73.16737752720171,10.265398692912612,100.02075997323547
Gujarat,30.27035437130243,63.60526734116216,15.29341006511586,107.39800239296595
Kerala,28.652965827777212,70.76313383693943,18.00942820838411,94.58036285989844
Gujarat,31.100371644018104,31.741747661491598,15.874513938509379,55.33525672147863
Karnataka,29.926408706825317,71.9460814454449,10.874459573795654,81.38923225385777
Karnataka,22.384195647641196,78.08872810863878,13.502352271966583,87.13197207536591
Kerala,31.83299123048424,45.90180320508967,9.944532330653226,57.42316454326423
Kerala,30.218513340421367,76.10523018148129,12.30419215958554,106.27387499550159
Kerala,25.92250463355756,51.61461760149215,6.263644523069904,71.10437184251545
Karnataka,28.12669335821928,47.7198452202213,9.499047265785773,65.7413493285998
Maharashtra,30.612527491697595,89.60191337403836,10.483769415270716,109.08763750794712
Maharashtra,34.25677132300255,50.69454416196672,9.054351310969414,81.04057727806904
Karnataka,30.960451903163246,83.95669083781216,10.98832278357202,114.20610218856551
Kerala,34.25701046189414,45.18096231305188,12.114482238271306,77.39754689817215
Gujarat,29.360412042596167,45.666893390993614,5.57421471896971,69.84285003347173
Maharashtra,26.1445672974778,68.64261899206652,16.758399125138993,92.64926828864058
Karnataka,22.197470428086646,63.100341945016154,10.600864956172591,62.53189084970913
Karnataka,29.960136793416915,82.19916208335039,12.309473230590473,101.31337891426915
Karnataka,40.422386152707816,80.86355244277912,3.969727914548905,126.7310993556717
Rajasthan,36.97865967964282,40.355260649821524,4.344889678926575,75.02502149653402
Rajasthan,32.482890794823994,57.08622917648948,11.175044164176533,58.612902981840826
Kerala,30.86983164584785,73.61807920863642,11.964837774786577,104.70127152732664
Kerala,32.83170065259511,72.47727264157894,5.015353765355235,128.05097083260165
Rajasthan,26.686881205270765,68.5589800288974,8.946963373829933,74.8813066185181
Maharashtra,31.079303240945027,85.6349349478325,15.94997202280289,121.15862583104973
Rajasthan,33.821260993045115,60.1619724721455,15.52771964153296,67.59796018095987
Karnataka,40.3352200087569,30.825910644438757,6.399137795945857,57.5355860812526
Karnataka,41.94939136109162,50.93378282802432,11.147171492379343,80.34641768376842
Rajasthan,31.855729366856544,50.94022219926269,12.3463591498916,71.79545122365522
Gujarat,29.400745403172007,61.705941903194706,9.621935789103002,91.74420743329516
Kerala,31.972260711891483,53.68523278769605,13.159099427585652,97.21468785935969
Gujarat,34.101228697431274,34.39084266558602,9.996854470329625,74.39075822542554
Kerala,33.53962183484837,93.12675788799271,19.99219816914811,106.72905335914507
Maharashtra,28.804106669849155,72.3465746361751,15.569643279260845,97.50325437345036
Kerala,18.554693715335013,81.48722876178759,16.858888238746193,93.19571845530615
Karnataka,31.69248203747207,53.77068129148798,14.53112746442514,98.71864890723803
Kerala,27.563024880394263,66.05730838018958,7.634438250826118,82.58993662856784
Maharashtra,30.357831186096963,52.83513829852325,13.915919302985568,77.74292681325021
Maharashtra,30.43517614073336,45.78987930086814,8.882295216489867,45.5356086581414
Gujarat,36.434874819247966,53.3304366263154,10.290368230202098,73.60039315867176
Gujarat,36.65219281634542,89.98975809374707,14.872394193006734,137.52803207155685
Gujarat,21.106398755478608,82.44066467233775,14.61746262541623,104.54091148781517
Gujarat,28.655829116024123,53.40203568576874,14.57341572421628,89.68537851300496
Gujarat,38.910818092680394,68.85411928592683,12.867444147931753,102.64128559820759
Karnataka,26.986760973473423,79.52773752240142,9.490324462490092,101.12567574555891
Gujarat,30.278624561443472,76.41287277706422,5.2301414811407225,120.56122036346272
Maharashtra,26.017485206712067,69.9116284758321,13.901275440849227,105.92070035300749
Kerala,34.26123244515134,25.188939390328045,11.080481714214454,50.31459911151169
Karnataka,34.20263625125778,59.42262419970388,10.226080430058845,86.16720263070621
Kerala,28.77128467957028,55.90914645378494,1.2124534282337134,80.56993339067883
Maharashtra,35.40229934502675,32.3264213955586,7.931231317818438,59.28017903831939
Gujarat,41.38325813199419,35.560460841686215,12.439411787818978,70.92885338939857
Maharashtra,24.6987086302694,43.23082265449574,6.549185585840084,43.14904902583732
Kerala,27.75986430099885,28.138528885047396,6.265165710152461,60.420514654701506
Kerala,36.94291134520144,20.10972964425941,3.6864933803242277,29.090782454739035
Kerala,28.286562029598258,54.428387010063126,6.369953221128715,69.76819258462751
Karnataka,28.19054514383498,58.956152656304845,13.941263986241813,72.93360514087605
Rajasthan,36.11101673103968,27.385146538700297,8.917911156663589,42.00201792855569
Rajasthan,21.45748360215746,75.15517504412367,15.851162761402774,97.88518732194989
Gujarat,28.246592360606062,56.56175922669612,15.25545563249442,68.01663281691101
Kerala,28.62095217199004,44.137031228499865,9.586254980388949,61.82781435360598
Karnataka,21.651104139658,86.47030401394078,7.03399507620351,104.31666427314842
Karnataka,28.35334500840099,58.547609439098835,10.097877823342602,91.56130993475115
Maharashtra,21.232652918746687,51.82616647561637,15.887290760690941,67.73195649553996
Maharashtra,41.39239364094203,18.239936567969664,15.478961760913652,48.5116815073236
Maharashtra,26.885727484493582,53.727854489860924,6.846210480970701,76.8706002083292
Rajasthan,30.979226275488408,45.32440833577452,13.633011022857888,48.76316379143786
Maharashtra,39.054751331659716,59.68726859002295,8.404800367030143,79.53431888884863
Kerala,38.102667225829386,83.55741952891708,7.984968433746517,122.02771041331447
Rajasthan,28.38367355351972,77.14598854334878,10.325180636774205,118.21874692100279
Karnataka,32.58829510234561,49.11384280269802,12.747067057908314,63.852809473504706
Karnataka,34.122076941287304,58.13079327984796,14.9921389038469,97.33006504095002
Karnataka,32.599361131749916,58.22514865978514,11.800765472693696,71.43848003554193
Karnataka,27.12181086881113,61.83014721968042,22.24033815307518,80.12438165485302
Karnataka,27.59938705101853,94.4770329260225,6.927913953427727,111.80230057909279
Maharashtra,39.87513676815391,59.29103021056486,5.7681907292933285,85.35253381613362
Kerala,28.46107191660094,50.116523670356955,14.654948855552083,80.07529431034936
Maharashtra,30.888505004666268,39.96983461934848,13.520791404023853,65.45767407718239
Rajasthan,34.024015893669024,73.95380018930311,12.15896678364171,102.22236292866793
Karnataka,22.367240691511267,59.131426389933225,15.273938938554158,78.89762687456926
Rajasthan,25.903678032225987,69.2356312374681,11.215989475030675,83.03172455759334
Rajasthan,35.64534718767571,58.79376339436511,10.138199270383787,94.19890401165138
Karnataka,36.73927890664518,79.46109172293936,15.609018693556767,88.92106388074508
Rajasthan,31.110668858168566,52.818770675047844,17.023024502294085,64.88487886625842
Gujarat,36.66929809880357,64.76722598443705,20.16958569085629,94.85619557576524
Rajasthan,34.338825120854445,64.24548308092824,6.602145714297906,98.13838315183753
Kerala,30.41141994637712,75.98220562598027,9.930846199598511,117.49857726634113
Rajasthan,42.98852321617192,50.2444358389496,9.28916397749982,63.788386675689075
Maharashtra,31.434869792269666,28.721735346518418,4.5546043852927065,45.819750230277094
Karnataka,24.97929616623966,48.483036523438074,11.861260450452875,69.45306110147484
Maharashtra,25.232704145140495,55.873140204793884,14.252315495890283,60.063152250382615
Kerala,29.514502162983383,60.81478329681355,16.552682960551223,79.453319906871
Rajasthan,29.358942369524446,52.48290049082145,13.87425397348609,78.57857335662344
Maharashtra,42.50849106430221,67.04431184063256,5.203971180625329,101.91998230511803
Kerala,33.97953252423737,75.727964077614,13.37447435814087,100.08545433759059
Rajasthan,31.0146151042565,37.26383827504152,18.190020805320245,72.72568397153722
Karnataka,18.77166400503082,46.82443219360823,11.276037044241106,44.57370210117557
Kerala,32.71749551394671,76.25414480858207,8.597774165351218,106.33174226404776
Gujarat,23.103403859927365,49.036049400871214,11.86749210850481,84.78029221363558
Rajasthan,33.4738051542327,44.08759806248855,-1.9232353150403352,61.5167584251796
Rajasthan,30.756847372851883,72.94195478685734,14.178669777273559,118.82404393934183
Rajasthan,32.91964092662982,54.610618638194104,14.362619322769238,88.77081283814613
Maharashtra,28.668812339192712,55.970459124190455,7.32441493703312,71.87648912894556
Rajasthan,35.04260412389291,82.97533201861373,9.403234700385283,119.07635114827482
Kerala,29.791892533537425,68.34084971743285,9.832403502445809,100.34415533632212
Karnataka,32.091262773930005,66.00618043857655,11.097145409722668,91.95805180212415
Rajasthan,30.955495340099517,60.69654822234223,6.560575436080323,93.80796856630853
Gujarat,28.045307151673875,49.94352649430611,11.814318517034401,67.11144246255921
Karnataka,36.04490972053233,38.37758627904577,12.702183319562032,64.35002688302674
Karnataka,33.759513090163495,74.653486170556,9.218313480440095,103.28274493019167
Kerala,27.067259557393285,88.66206882688178,16.41466777010322,132.25787479047847
Gujarat,29.34480796500502,29.471396390617443,14.928494429332288,56.36022132566539
Karnataka,29.435041090659567,41.625974247165715,12.35580909043881,72.62108406851101
Rajasthan,24.893835914346433,70.6253467094903,12.975202855084795,87.66398684466886
Kerala,28.887936107722172,42.795620568998416,11.541638798768124,68.6688961200645
Kerala,20.766137827642993,51.49995881234842,16.653941832125035,57.89351499797934
Karnataka,23.74230287904778,81.65646906109889,11.671395286429725,117.5304540427949
Gujarat,31.348346786985353,56.54915346605426,14.830862164998482,86.30929970615901
Karnataka,33.21361379933772,79.93728795198646,12.78608467880588,115.78576461429596
Maharashtra,22.869372336653516,69.09247635917184,6.052916869198655,95.69404346906421
Gujarat,30.640522074553946,49.78422513787679,15.362574195954895,63.92631915091874
Kerala,39.814113170227294,54.22409607210741,13.313981480519264,80.25894264678251
Kerala,33.92900079325416,66.38186342677447,8.132095427483147,93.7059943190917
Maharashtra,30.813810394619903,46.32308266872965,11.943851562627556,63.57962375113654
Gujarat,32.62444389331975,86.7243763563805,8.494725328103275,118.20965830756487
Rajasthan,23.073140671651338,43.390207299805326,15.677211478831019,64.42689650452661
Karnataka,36.99677718293001,73.86950524369153,12.238521479680697,97.0008706629349
Karnataka,36.32598625811849,68.39038813092496,10.658351425223238,121.16789260977359
Kerala,30.57266683107732,74.25218206498248,11.208187493726678,114.19927791271148
Kerala,38.42824150709583,53.095568337092296,18.928861009942594,88.00097266543551
Maharashtra,28.3982634590284,66.36248919602875,14.091341952141999,83.86971613972031
Kerala,23.443894949124424,77.9766742924753,10.041202101886759,133.22208615117606
Gujarat,33.06758986365208,44.658111522023916,10.97049385030662,50.14653986438685
Rajasthan,34.66439542164311,73.09737822928723,4.542673886763621,94.67024195958142
Gujarat,30.14298388359172,83.70348881026231,15.809173844148837,140.23505462749824
Maharashtra,38.419638457289345,53.1167360569659,16.314723333725183,77.67040080187913
Karnataka,32.998919279823646,77.00320161754058,6.891118136307667,91.3481679149461
Karnataka,36.884017464394645,71.65524143635933,13.606502021965893,93.49024503842068
Karnataka,31.619000638029725,55.62765031509765,5.398035159848953,80.43904163196247
Gujarat,38.0503373434669,35.31335205727022,19.246768224476106,64.47442489065625
Maharashtra,31.87140027788653,58.697328343047126,15.229172499244337,69.34608180982951
Maharashtra,27.661493993440544,65.19755822596073,11.812317684483263,93.29452983475937
Kerala,29.247900727690833,74.93322878043418,9.634787139631877,82.13153654444241
Gujarat,28.703747787098873,78.50530382064053,14.595696842027982,90.25956605382957
Maharashtra,26.289901292215106,40.43016906288862,17.618173496043504,40.32026740635005
Rajasthan,37.4734428768219,62.666338403706035,10.129148911436573,108.80902071805349
Gujarat,27.41775529139092,60.66365781335661,7.050633418211815,90.6825667151957
Rajasthan,29.050028064088103,66.72585440423792,9.644945855172818,91.79547308588684
Karnataka,27.595269363709544,23.173124614165715,5.82214202557413,44.89303243720017
Kerala,40.44187352390364,57.90615557767239,16.432731266950064,74.37944480381836
Karnataka,26.336579043711904,67.58140719937226,14.399976831699348,81.84525426949796
Rajasthan,35.365436727051566,57.54058680597118,14.188863752228016,73.30316535306243
Karnataka,29.48577918431965,59.598084800465045,14.673872518116442,76.68946096838512
Maharashtra,35.52762966478992,77.8054545834057,14.554920888116738,95.33383493874194
Rajasthan,34.19592433858156,87.23059027240359,8.039895054774954,114.96262806978858
Maharashtra,28.327462468216265,63.0928647304399,9.58264572221344,83.73333524419373
Karnataka,21.576073025897692,45.99416620889666,16.187680510600046,66.82423486385865
Karnataka,28.178987582560314,71.29313516420956,10.721772950723677,105.90649235673754
Maharashtra,35.54630101111462,38.06946042747172,16.686322107530042,78.73417830856675
Kerala,25.043038252718464,27.699148295944276,9.44415300924199,29.696353244644783
Gujarat,30.208445185659706,56.51401340249293,13.804381186331913,68.28965509421694
Karnataka,18.754521359720304,49.75511504473316,12.23656848908969,76.67359844696684
Gujarat,23.05213766618202,35.31901879564663,16.090281728038562,73.47933093284811
Kerala,33.39986537758378,68.63203001241645,10.989257247996145,99.68243682630148
Kerala,23.913475720684936,52.76929807757675,6.409927068624506,72.40446665059378
Rajasthan,32.30848459062106,95.20571225059096,14.08967445313026,128.24263318004586
Gujarat,20.439484194575698,65.95257998773208,18.058070250358327,91.67624889923411
Maharashtra,24.70680325301459,60.9474818896076,13.317263140607103,85.44345839593129
Maharashtra,22.035031332341653,66.60712106940599,11.921448804293275,92.8945258523415
Maharashtra,32.385018596975364,25.846309528505884,12.989991187348844,65.81563105465278
Gujarat,26.490041560966223,50.05648623673578,6.389578912801226,88.89169802259507
Rajasthan,30.882556380813725,63.98105742522806,5.527156821147355,94.31111920116409
Gujarat,34.01450809072843,51.59327772765714,19.278292186794623,64.85375984985676
Karnataka,27.16122468412903,66.48288977198108,7.431493826815306,88.62744480306726
Maharashtra,33.168884404660496,66.20698646177247,11.258849364489167,91.3569641497762
Rajasthan,36.122922188130715,84.35094843448569,5.852208159894718,120.2044490111244
Rajasthan,29.558589758243727,98.69564006481477,8.785301728121077,146.96964049290392
Rajasthan,34.881919767310514,76.56073704725031,13.210741395983943,100.00913842467948
Karnataka,30.84562025049545,63.77356627248479,15.23815708802363,74.27987094299844
Gujarat,27.09159543025678,44.778649039607,9.402889819735972,52.21990694911343
Gujarat,36.192749774559665,56.77601241021912,9.91634472265326,85.30697232546147
Rajasthan,33.15645641630084,36.650760438047946,7.61886619161402,65.60323266893856
Karnataka,36.13834496236646,41.855384719631914,18.690289547350815,66.87873737419673
Gujarat,30.48216859396745,49.786690769413774,8.037230445449186,78.86807993551338
Karnataka,29.4438696932565,46.44138537802815,9.057880229640933,80.09516498347412
Gujarat,29.899905503277857,65.75417956181899,8.347204376873556,88.52900112250715
Kerala,30.364983779866787,71.70117269574874,12.300748350424744,109.80417521940598
Karnataka,32.125894211373506,65.03486984473346,12.621709322971746,114.97561767667466
Gujarat,24.64702830882199,46.653808473201465,9.182849167235243,63.1644220934162
Kerala,30.30014502876006,35.8373331665738,9.797091903645452,63.347688811703925
Karnataka,31.942893022654822,97.39499276149186,11.975716353840427,137.63763066348193
Gujarat,28.075790590264372,66.95958424385188,10.245651174970817,102.9787285076311
Karnataka,31.336961570359513,64.8254670929402,9.327638185427805,100.58117333644488
Maharashtra,27.829449102520098,51.8433085016499,12.349259896034255,77.88883284214279
Karnataka,28.874267363249892,62.96368383077112,21.859510543430734,80.43429827159615
Rajasthan,31.434587143361615,58.26566827563817,14.041116042128284,91.4018878724484
Karnataka,32.5387883515575,60.80982627668689,4.7903643700231315,81.33878118487172
Gujarat,25.303323030906228,57.83868666417577,7.16122102863557,85.90900650383541
Karnataka,25.167414870325036,66.25785696573847,9.245332980148227,88.69296633797977
Kerala,33.22958912896905,80.61464269768643,9.606025533134657,93.06073956808412
Maharashtra,26.9329866822953,55.462954702678076,10.447292725835085,78.5920133903657
Gujarat,23.62815626810311,69.39114638261725,9.068985481240016,85.34603904857948
Rajasthan,32.497634925477044,94.33023103196508,7.824108640006967,125.00825723577422
Gujarat,38.57263534096866,44.10921684286289,13.521434121535664,46.42273508311213
Rajasthan,32.09103306377268,58.47276386955646,9.731230324749287,79.3992853029989
Rajasthan,27.268777758737585,65.8770600810382,6.084353724903485,92.69515405693512
Rajasthan,32.081181834637974,76.1427498199548,11.510612389435579,99.60714100588656
Maharashtra,20.19920995853084,90.90837924924078,7.227760180359055,116.62044689768109
Gujarat,33.66172527210823,41.42556467435931,13.771225524083661,74.46944066422607
Rajasthan,37.35585163746804,56.86014484272201,9.323709045360333,94.51203379035309
Maharashtra,31.62588398264532,57.499139503697414,15.235716801885193,73.13666885684448
Gujarat,37.052840025025795,78.21718700861021,13.106174667570667,116.45018455761543
Maharashtra,30.160020745328833,48.69873194480725,13.839888571756466,62.58936843738512
Maharashtra,26.978304642183442,58.8627390627268,16.372274346452844,84.96645316435179
Kerala,25.98753633394176,79.48216987270578,8.07633022815881,92.67029222889744
Kerala,24.7654450865903,68.04979128790929,16.742816618651986,96.20916020984136
Karnataka,33.03565550391809,79.66738329477158,6.989643950538017,104.99716965141738
Maharashtra,25.69308148821628,46.793070527663915,15.84879741838047,63.714986608877695
Karnataka,26.782408848099287,73.91760192121856,12.228052499588339,101.10983376826799
Rajasthan,30.20493394887971,72.44210893847199,7.705483975991541,103.36408656585316
Karnataka,32.78410420387499,56.844447621584315,9.62089498177735,68.9061440185369
Kerala,19.17177385797938,74.61393333193212,9.954197777799076,88.53234685063545
Gujarat,28.89373188207114,55.84780050166619,13.229626791236402,85.65271063105705
Kerala,23.937713605753864,77.03227524544155,10.600087491382332,106.72230877497942
Karnataka,23.793405007861256,69.08309667120605,6.825765443330806,95.09006434751161
Kerala,35.62399322296596,48.00908885757847,13.178098969815423,54.29451620822492
Rajasthan,29.528141249823094,58.71160125423312,15.250757702575982,86.42186995713361
Kerala,27.879004889859445,45.8977662834493,17.912507304693044,58.68610236676151
Maharashtra,20.504118060422662,61.17644098527964,19.245500114659926,84.12562674716528
Gujarat,36.44876377041373,70.09772026904938,11.446176064064904,86.66481102595299
Maharashtra,32.69566051591403,65.12443829053672,8.577954568086987,85.71531764334856
Karnataka,23.53232128203168,76.16930842658637,15.036843999679332,104.49714049676881
Kerala,27.426792253909266,43.346649202356005,13.111932258970834,76.34390194200802
Karnataka,26.075508434588798,69.72420650765788,11.516207405568874,97.44726424388345
Kerala,33.17120571529611,67.12928383979838,12.926050957182285,59.74682300920463
Karnataka,25.914072666955022,28.588190585043343,14.356227789623471,46.34320172733884
Kerala,31.969559866180763,46.87461888515632,10.335223989079438,57.32593477205075
Maharashtra,27.240709270537767,98.37298928502378,9.743009605370446,130.59055192765666
Karnataka,39.30657798618197,88.29921969134115,18.523716725051763,129.61964108866104
Karnataka,28.468232696143453,60.98390768524768,16.36109802537704,68.29663055202803
Kerala,29.149076887375358,53.201579260090874,14.785549789826861,83.53382070455376
Gujarat,16.13218568543276,72.01404959444193,10.272816845439175,82.5406827590982
Maharashtra,29.586596570786504,58.17378737425075,18.053798972968522,85.49382028815137
Kerala,25.464368268723746,75.84982925659189,13.822758674669005,88.78812324406742
Gujarat,28.25193906611098,63.92494459044718,16.589637320766425,82.81677303364405
Kerala,31.51890154745253,39.34962689042877,14.871961239664683,75.27288860578625
Rajasthan,32.144061573103485,62.95950629989278,10.354316109362518,93.80463197161093
Rajasthan,28.1558488520373,66.0265692383786,11.231555789114239,103.84533858774617
Rajasthan,34.54608083226564,81.42047227852183,12.39962217560964,112.71733659480762
Gujarat,26.988939698191096,67.03161384112536,8.006458243246835,94.54838798366659
Gujarat,31.767414529743334,61.82257517102573,8.094498914866513,78.71788940207355
Kerala,34.43165098030795,49.61007663254846,11.73388592979187,75.68053004805886
Karnataka,27.598988129264907,70.71129169428797,12.695664335335051,93.15183595661443
Kerala,30.50822143844755,43.03460412762085,4.948670064629219,55.14462730562273
Karnataka,31.756444047122706,85.34840184939435,16.639164981157222,109.53541249434845
Maharashtra,32.04172582197389,59.929508933397415,13.784000378668743,76.76835829182849
Rajasthan,23.334213446731724,96.22186497987947,12.319973522236573,126.91641380579911
Maharashtra,26.963272006172726,84.43985004927039,13.055577721816077,104.98800206022226
Maharashtra,24.920890905108017,60.92519774771957,13.715266001322291,88.38715902205224
Maharashtra,31.19654233410173,81.43986394069282,6.64850603515907,116.84714878745876
Karnataka,23.66829747187148,59.13024078851649,10.20647912378447,99.8285868380202
Kerala,33.09577130502599,90.86243204567548,12.083174830701632,114.67782224582174
Gujarat,30.36188793140517,59.67291992877248,11.94558866221871,97.77835686427414
Rajasthan,27.58628238908984,45.70007087611931,12.490681263979182,81.13280645138994
Rajasthan,25.129818884410614,66.89245959106039,18.33037586192637,91.13542669999067
Maharashtra,34.415548885735795,58.83244204480797,11.278080345637498,116.35435647139481
Gujarat,18.9798121237438,44.4381989892938,11.49147423339201,50.596450572789855
Kerala,30.56635205268882,38.4258303252395,15.676915738300814,50.009656839751635
Gujarat,25.28308475315032,43.1414779970236,7.4329436299367995,67.53720735290672
Karnataka,32.42366408647237,47.3046501751369,9.425800670730151,80.44928022799304
Kerala,33.94449649016725,55.92131998389846,12.109291043456693,67.61327063342668
Gujarat,27.267463027456227,52.264243951004964,13.191928945509806,80.00229300285021
Kerala,35.017492267764325,50.58125216102876,13.36047082561858,68.77342681236914
Maharashtra,31.32528022420156,59.324597657567,16.594933931717755,96.19709743384085
Gujarat,25.690398109920885,65.4531891103104,9.58631080496111,91.28376025021973
Gujarat,32.89816586606788,64.8869447487325,12.777537206309344,86.94849254151325
Rajasthan,23.706341753684946,44.86262565975555,13.106836175619938,69.0776764507143
Maharashtra,29.544154402219064,26.39925152220745,10.006550431230213,53.376099287517334
Karnataka,27.714808320688014,55.47173242214173,12.974530000029494,71.94021343135935
Kerala,28.04120925478089,46.163847232522464,18.461502757877767,60.65556578694068
Maharashtra,39.719384465543015,35.6563312882324,15.182812566798969,64.2790853834172
Kerala,25.48149069634936,64.86538922582405,7.28384083536079,100.27085405317094
Gujarat,25.384336947710757,67.55727627660272,15.471387772125182,85.33862266430774
Rajasthan,32.569539248294575,62.69372672909397,13.402520397094237,92.38835688140843
Kerala,34.2962861249992,65.19266618749113,5.756436388983738,79.37210323978618
Gujarat,25.24074762662688,55.44574942038363,17.230315243039932,70.21339648602492
Kerala,27.323359070230385,58.64200076543759,13.327921322276058,81.93870085474815
Maharashtra,32.565528990880416,56.106799836241244,14.955241923550012,85.27802656199522
Gujarat,30.194327810242818,62.314737474503794,20.16698364225141,93.24787588452921
Maharashtra,33.296902930934756,54.20284924122039,13.35805793527536,71.22673966798355
Rajasthan,29.40063726288563,56.72068933261903,12.343361586906013,73.26185732962946
Gujarat,33.99970950971025,35.75534087345118,7.785270323414584,46.892653490180244
Maharashtra,32.141564812367484,73.48703570531238,15.609876890007133,101.71677052527286
Rajasthan,27.47584717577525,71.92607425208676,5.4959556328937875,93.44184189315548
Karnataka,39.30342222935269,72.88965146540167,8.767432582370924,97.33434612713235
Gujarat,31.325777636494436,69.62895802442327,14.613132692998152,121.7090422966253
Gujarat,29.620881892408686,73.13261970767263,10.445703587043495,90.58770985240199
Gujarat,40.526012006040055,43.30418359404432,16.88720221007525,84.65767870557562
Rajasthan,37.007828687576634,76.6358107189738,10.549048346062207,102.27617809667588
Gujarat,40.85471358748907,57.36171281351495,12.492819227137943,91.02842016222576
Maharashtra,41.454419620393814,61.605635731180705,11.577879791990771,89.33704224284557
Maharashtra,30.53089383911106,52.95671731408,11.218809217671623,78.49448321813085
Karnataka,22.96841268164083,58.75341641056958,5.981118503875991,87.79453011923714
Maharashtra,28.975324810933774,60.103023824085554,16.337918332292283,75.93461455960633
Maharashtra,27.538244939302196,39.85643402595588,9.676888845984113,67.2309071038312
Maharashtra,28.40473032166691,48.05961214794766,16.304028554394392,67.19580765877176
Rajasthan,28.532305789212167,61.697013565199576,15.032424794069886,82.9206857504681
Rajasthan,23.111496134415738,32.13011937563393,15.325397068253018,43.69948890170072
Rajasthan,34.20746352235428,42.518359946699704,16.207801623313063,53.473870749150166
Gujarat,27.5846947415828,62.20189517978324,18.448882513021697,91.8683499912801
Karnataka,35.3818599762059,68.8852788166226,9.31899991309505,100.23163441767619
Gujarat,34.59873807163995,61.70879442151155,5.302222944689216,80.79736083506046
Maharashtra,30.84327335983364,66.62910974354114,7.638403690228616,107.1943710625603
Kerala,30.2778777999908,98.20249922172965,10.794979058692796,126.56998832117705
Kerala,31.04956044820935,85.29958778706516,14.235079138242508,122.78921389375131
Gujarat,29.357312442805345,31.772264317535413,9.805100369036154,50.79229230314547
Rajasthan,27.149270603584824,69.27726769179783,17.34322266596598,90.09604610410145
Gujarat,35.23971030876071,54.96906415839311,9.045476751895723,79.18853846199973
Maharashtra,35.00291159021489,49.94069686385033,17.569861200257314,69.65886852566113
Kerala,40.95412579936376,39.3220597493513,10.563909744576858,66.81564679411709
Kerala,20.821711835689815,77.56868683982316,18.34258597154293,105.78617160657363
Maharashtra,36.985397503666576,106.30732725297608,13.795122074266066,131.626608009846
Rajasthan,28.459828579071292,71.6949079840401,17.24123498447843,109.04827148293978
Kerala,36.36820166075823,52.525981753494754,8.537947260895974,80.7374477158968
Rajasthan,36.11061651186527,61.667582404343044,18.058547626321435,106.99562604363541
Gujarat,24.426261463375553,61.46513783340419,11.542848177592457,80.93546742648604
Kerala,24.509272609845766,54.57282991151149,4.784874312887287,72.7566970637376
Rajasthan,27.93145416162691,76.06342847009424,10.100905418065167,79.34439013735204
Gujarat,30.071616291053,62.342817344113165,12.807598238513803,78.22572136023436
Gujarat,43.16462218464926,32.915917906398505,9.935031651963358,51.33585186992247
Kerala,35.31117165174801,52.98848484262545,8.559756579507699,84.24225244870144
Rajasthan,23.692725831724456,47.024411604765106,12.24446243746955,69.54183683027671
Kerala,31.466310516233985,42.25477510001812,9.91239274326738,69.11330905198783
Rajasthan,35.50479817499286,89.37521181330891,7.081801622190333,127.84510500917523
Rajasthan,30.423914323219794,58.730211872273586,14.095040869782718,84.1739140854128
Kerala,31.268698307472867,67.01539757648149,16.34314529975739,92.12971419029596
Rajasthan,31.633994549448904,84.43514405023902,12.645431698570032,109.39756499619929
Maharashtra,29.376911019049352,42.41112586720886,11.946112713339367,65.9032017118235
Karnataka,46.27323646577064,41.33312400243249,4.740507822503102,90.67810771474248
Kerala,19.32162893010652,107.0662280048999,16.224227236264205,135.50540904134544
Kerala,35.96978129994139,54.94653261624763,13.658794114923547,94.7422880184435
Rajasthan,30.81530533714708,59.88406166617893,6.461413517221587,94.9609925949521
Kerala,24.488598390684253,47.25120681467031,14.890784038090477,55.854988430884916
Karnataka,39.785318202708204,56.37878384369691,15.807841454039208,93.8164049000515
Karnataka,37.129682907395576,79.62336116738311,9.886884106392081,121.287858935437
Kerala,34.76562522688043,67.6962813014594,14.900383147391988,99.31001810212348
Maharashtra,30.902916033041816,62.17858075172498,9.523054140082234,90.34002697403885
Maharashtra,25.20086001543176,74.62576642955203,13.881289242113159,79.42858524104113
Gujarat,38.62558666129286,70.08090778640651,13.562452710917446,107.27047626591818
Maharashtra,37.275106113815816,60.046261902375406,11.283158101498445,88.13324690254075
Karnataka,34.9065706399939,78.53567608948259,13.705983275678754,104.19384861257504
Kerala,34.14737420965874,57.09260791840795,10.941940634757557,62.26361077242411
Maharashtra,22.6133597954693,63.866413242901665,17.924954194355216,77.78311508469541
Maharashtra,33.389718924763365,66.09127795524351,17.202949223552064,88.97987754283842
Gujarat,32.126512021139305,93.28109515801262,5.7403465231229225,124.10653274263827
Rajasthan,31.182908754380986,80.54563166954671,7.377498073324552,110.68564491207471
Karnataka,24.38469719927724,55.13662771502565,8.142821440974528,85.27227098809419
Maharashtra,26.869049838892167,60.230684720581586,15.820385517765905,70.63653864294369
Karnataka,19.632895555318086,53.56422109728224,12.739603267715907,59.741981330079895
Karnataka,35.13710767669387,50.04419434530432,11.361621752700016,83.66281718078943
Maharashtra,33.016430168368984,57.45548821357267,9.003172169142964,86.17113843713315
Karnataka,33.69040187454826,61.663342183316516,13.846049620063235,95.72220375664179
Rajasthan,34.82698742295585,78.54196082709326,12.35463036384575,109.93061466889208
Maharashtra,31.016514717845375,55.729754464911245,10.24756070302562,80.70746420357085
Rajasthan,17.873928610636995,59.54742500056298,11.70786608072479,87.99870015701852
Karnataka,36.35349792546096,69.46223773716929,12.879668602423736,84.40658307613795
Gujarat,28.01668920089041,67.23786073242887,10.517637907710192,112.57654702832089
Maharashtra,33.24068634953767,71.33782439639909,11.606244055377472,94.40419781310639
Gujarat,25.651684593626527,76.88152176622154,7.242352428530689,119.33769222027954
Maharashtra,28.356907621255075,69.04781146623515,9.823543991543229,92.4608353119238
Karnataka,25.370904084262104,61.52035067319827,7.670530644910572,92.09419983966882
Karnataka,28.9098206090089,20.417872496101502,15.115918848176005,10.322699974305372
Gujarat,29.903698101328025,56.05663756187599,12.089863571248186,84.06404620529283
Maharashtra,35.2680619962183,49.14805786694568,12.48302722475787,88.34249322130587
Karnataka,31.158240077419915,76.46763541332409,11.233176344411453,97.05415393318641
Maharashtra,28.22979644529488,51.39597340654649,12.407425181047946,87.55804027114071
Gujarat,34.77853978060541,88.78501339827909,19.529447434053914,125.9355788368259
Rajasthan,33.351099486386694,70.15449581009307,2.9060149635387837,90.62625390217568
Gujarat,31.48947458239345,68.49421319576055,12.600538536024873,100.51492692687502
Rajasthan,29.120727977839643,84.92205248592028,12.083545953183847,115.14877224325583
Gujarat,26.645819816332526,69.44549779068875,15.073371797944585,106.61411007837683
Maharashtra,36.40821897501884,68.36536591087687,7.554168172251872,100.44134591320616
Rajasthan,34.517245180455504,60.909132535123995,13.753530320513612,75.90635241688688
Maharashtra,33.19258930297243,56.44847095553911,10.948084784877288,62.692921622259746
Maharashtra,35.572581421092295,76.70922949823492,11.98070151237948,113.97328927725233
Maharashtra,24.554599419260978,57.66267788506346,12.151447660035801,83.67280515319158
Rajasthan,33.27327081454004,62.76979163856901,13.126940255317496,103.70569605725882
Rajasthan,41.44473744856603,36.64854981181914,11.769568145137981,72.4021513031628
Rajasthan,27.853777898506692,68.8282990465608,5.60750259246501,99.46032368820623
Maharashtra,25.887842113725686,79.75438255030056,8.653488282837476,121.88538892929735
Karnataka,29.538828976833596,66.02738781051002,13.63062501449979,95.20077341459462
Gujarat,33.59878971074091,40.60090563193255,8.174254492727965,67.7922680446749
Karnataka,29.968242216135657,83.43382697925632,14.473953521825901,108.68775219978892
Karnataka,27.550249224197326,67.02908694749388,17.55057722823063,89.60581137717986
Rajasthan,27.213598498186496,38.14743195910016,25.983511158400397,36.95460466822644
Maharashtra,26.344630824744694,63.629045542103576,5.1812119460149155,83.74739537504178
Maharashtra,26.57685087119998,71.85938398744153,4.119584729152658,107.20978418477712
Gujarat,25.98013800596511,71.19132179309527,7.658175692415136,103.20641287591815
Gujarat,22.298761839844616,89.75079352277567,14.196923186006591,140.9334766279507
Karnataka,29.091123620585332,62.600121355703315,15.516705205737706,83.48869607183867
Karnataka,29.054398046114834,73.82475167886689,11.489803518489863,114.7815092846242
Karnataka,32.04514026871318,40.1173513247639,9.797115217217955,50.962060771457615
Gujarat,23.094451220426265,80.77723387818486,14.70863884826315,100.41368470182871
Maharashtra,36.32814767792816,54.46806094983247,10.085731031935545,90.07730420580248
Karnataka,26.735210043710943,78.2007209985749,12.252716910226065,116.63650216877723
Maharashtra,21.107062079967417,64.79477738878465,9.983280675969315,84.49705297271805
Rajasthan,33.45118400190136,21.624474251143468,9.073946384414679,29.720822073815494
Rajasthan,34.97490834396177,57.56210807805151,16.42796165191401,72.56099490245727
Gujarat,33.331562504546056,66.93886939280927,5.096773084837613,88.6877460748363
Rajasthan,34.31798329623295,68.69464843983971,10.158946393666707,85.1902769208428
Kerala,33.52682605114225,48.73310914610332,7.313320567730838,74.46930195312817
Kerala,37.48684485467062,52.43171344373673,5.00647337543654,81.49047389855626
Karnataka,18.79663106790126,55.59305024788809,12.578378013185938,77.25121306427997
Kerala,28.08014364023824,63.75300309377542,19.98266995913586,115.64806010496248
Gujarat,29.756965525635923,66.72919654977244,10.580770599263118,87.99633470015384
Kerala,28.6277998644549,63.30572374182051,11.180304832903564,86.24789925181122
Maharashtra,27.208491230269846,43.497686505424575,13.758004922480906,69.46343298002128
Gujarat,26.453106462210695,88.14260119841568,4.478227779500648,122.58592636737116
Karnataka,32.27091583594919,51.97900128660613,9.15002322876705,90.20945637480874
Kerala,28.00424103574819,64.4977642765612,13.944510760349264,99.69504400272196
Karnataka,22.410631266595953,54.64456198790086,15.561532654079144,77.86238038362092
Maharashtra,41.4490289873023,88.91354077767292,4.886596130938477,119.4053249795502
Rajasthan,30.93582010243081,63.44889701840145,16.216514704075916,101.67745975516307
Karnataka,31.88287007569562,72.1478676245554,9.40243322502502,107.41909410955968
Kerala,23.27257581873889,70.23089262865201,10.430740925064386,88.5590094420121
Gujarat,24.987640341970526,43.47310203120159,16.999122805614427,44.41085233718634
Maharashtra,35.04532648023664,57.218557985203894,6.2739280091067435,90.2755032951968
Maharashtra,27.32099268473851,34.3896306361058,7.5339022402053635,65.02599863370399
Karnataka,27.484597304476722,41.24897266190409,9.764021088472008,63.712453188589684
Kerala,32.3668625201298,80.03483845716843,11.890840241441197,105.9854241920044
Karnataka,28.847996428971165,46.136502835975435,15.560793644499148,75.47205687154388
Maharashtra,30.481303882016913,38.341656338041304,12.694706584554105,50.42885565526465
Karnataka,21.26273457652467,58.07937440588083,15.793785399446142,62.72893321833723
Karnataka,26.391312233313734,62.65231308209097,9.813279661650938,82.71789681341022
Gujarat,25.57022843352702,58.63238649722155,20.18326915235314,84.79938646725597
Kerala,35.038267463001986,29.90804695346408,19.794683830885944,41.88523750545323
Maharashtra,21.761009458079826,62.5416274628953,11.464444293737138,72.4213296619267
Rajasthan,28.92544822424961,64.15190173987932,18.65726839249854,93.09506426117301
Maharashtra,30.71027905797,52.4867783804688,14.48487418775619,72.36501555462628
Maharashtra,32.86028720857072,59.067134745010335,16.49741343948201,79.02070895665375
Karnataka,25.843002663662734,70.46379900520768,11.899965174763834,114.96484124905774
Kerala,25.678044645429097,57.8860812858357,13.266161306434528,80.21908024442122
Gujarat,31.304445323410487,64.45691028179107,0.7202762719863163,98.60891336480694
Kerala,38.7479195210271,80.72181118035729,6.830949219577525,121.08792646352099
Gujarat,32.935688421064235,43.0728955537868,8.107538559114719,46.94862845498077
Karnataka,37.978049115054745,84.51292899865764,6.087411648793352,107.26417974864245
Karnataka,32.49842555151467,67.08003406378911,12.30382107166435,100.48093151440217
Kerala,37.085102064908135,70.22009254778413,12.617346748257642,116.14083002348804
Kerala,28.031952813257032,82.04698389415933,14.390610585412999,102.29701731141846
Maharashtra,27.898024388191864,80.43925539920052,13.320570463156292,115.42362640631342
Karnataka,46.30245540345712,59.206559918759936,13.531449166485794,85.34541743713542
Karnataka,27.2522143204571,72.89381830469702,10.451477400841942,97.50913372629002
Gujarat,21.676951324831165,84.39214198174668,10.107319717455846,108.7711484910999
Gujarat,31.26030171352639,54.358014285387966,18.996896810108616,64.9782025129139
Maharashtra,37.438635178291335,61.279219769486076,15.235571680424039,93.14834744987837
Kerala,28.343458084083387,50.81644898238375,7.659397893768808,64.599543152982
Karnataka,19.27598648724881,67.992499511952,16.19587977036468,81.70219753993211
Maharashtra,27.53625223610024,68.54121400351553,14.245608199390972,97.80818059935218
Karnataka,22.949294975098383,48.29189852656012,9.045858297995256,55.790710235513174
Rajasthan,35.32438369645119,27.896011818330315,6.397304035525748,49.361535418005815
Rajasthan,34.60900750988626,67.24031830813819,13.680377961807364,99.95727826832345
Maharashtra,18.39184796650042,44.01450423966837,8.931929892391999,74.11056888251143
Rajasthan,34.87908359672355,73.7768166591362,7.017130494214462,104.41592375105937
Maharashtra,25.058655709115953,33.25942884827964,14.290432431656399,51.64041726056908
Karnataka,26.10171859769645,55.68160490338058,12.422997917777412,60.86968658285795
Gujarat,25.508531270838482,52.354047672223,8.73856043890952,63.966443726141705
Gujarat,31.292609573598114,60.57350152824357,17.99237825028449,77.90523082505587
Maharashtra,39.35482587685891,65.84421266056356,8.526829072494534,101.4787102705817
Karnataka,32.65095653671456,30.623376867980433,10.564614332348322,50.470430728351005
Rajasthan,29.788993028439783,88.97158726690584,11.59254642253737,125.42674202208099
Karnataka,24.913331716226132,60.48602162054511,14.99635937701228,91.62886781441716
Karnataka,16.576059764412538,63.89360342220331,11.817199075612884,73.7652747786051
Rajasthan,37.320886193762185,74.95288160198712,13.122545617960546,122.2533421758288
Maharashtra,35.32057091667357,58.50929504810365,10.618427381319812,81.93692372280907
Maharashtra,35.220955443954324,106.82845346139067,10.552960446718732,154.7919494884111
Kerala,29.81593246910859,57.02285227386366,8.41181427741898,74.08137622869486
Gujarat,32.85939033089178,48.76824617033976,12.61843371808311,82.96651414254036
Maharashtra,29.030252997786732,50.05043517338224,10.820882862801026,84.791166484378
Rajasthan,20.61723646979063,69.29567168949204,9.458550444697483,78.72919253797292
Kerala,25.5745014591643,81.85617938304851,10.189753323194548,106.65864216247513
Kerala,29.084030408890374,69.7674219097847,13.262943595509428,97.34033072211555
Maharashtra,31.342669932324043,82.69513899005983,17.586387566325055,113.77606533538412
Rajasthan,36.69181865723193,43.05524655599278,14.674599440642368,56.42973774139654
Kerala,27.784779894357587,52.80760548901135,13.186302180563047,77.93747383249935
Maharashtra,33.196347689284586,38.00688253655753,17.87609359016307,53.26416649744927
Karnataka,39.32312528411539,76.64894393820504,11.630406245586606,95.9799694706987
Rajasthan,25.97471303828298,82.58123400762693,6.97865553725536,113.52251304709597
Rajasthan,28.147459507049856,38.91649471232037,12.062473335798412,66.17755314543632
Maharashtra,24.798541358861947,63.60637315258179,4.7270382640114095,66.57134511146032
Maharashtra,34.63302754022204,43.52173738790408,12.39324076895241,65.29634635916251
Rajasthan,24.12202697187574,46.57395236585093,14.388912873013538,54.14960242081291
Rajasthan,35.19697526521069,67.44997101341062,11.373971876658509,108.2094195946149
Gujarat,33.696529204161486,72.24508733907516,10.357461232076794,95.36129422188691
Rajasthan,28.336813408245206,67.37313181315965,9.84785102745031,92.73096681405276
Karnataka,28.222546943970276,81.30782014932973,12.271963630324667,93.68684100241467
Rajasthan,39.483690909982876,49.15326554041579,12.935789808538159,71.01824278541025
Maharashtra,26.463533096820193,61.88047973647753,16.645595149725622,74.38209249589352
Rajasthan,24.916584357117515,56.33879289488698,11.842770849489476,75.16704455355895
Kerala,29.045912972728274,59.44680657984315,11.05505547400833,77.26226935434036
Karnataka,24.841327101017445,76.70040758915908,12.140506679710947,89.72903372147711
Karnataka,40.06135222850382,75.35564319160471,12.997234382566916,117.00916237025504
Maharashtra,30.967846996267888,50.95971228258317,15.536969223095243,83.67249699619069
Rajasthan,23.22990820750798,51.702117248476696,14.8145664631727,70.80471431629528
Karnataka,31.83824646495711,28.49960238522564,14.502032067324143,54.620351304441996
Maharashtra,33.27246245035602,60.087503199981505,10.249566972972135,96.25380327241226
Karnataka,27.40303506792812,62.301614639314074,12.711115691719524,85.19088859209481
Karnataka,38.04194655678596,65.32452382136498,10.579805422511393,107.01975494046468
Gujarat,30.465399362697234,51.98530496585738,14.549487910351175,72.58139388270074
Karnataka,37.77080210357387,72.80963964828335,13.659462001447642,106.79201533047372
Kerala,32.19331103175542,62.017092630943694,12.858269613494057,96.3499195251498
Maharashtra,31.9316165890578,56.932931685208175,19.021902793261958,94.30895273094868
Kerala,25.962822992651926,57.76492200954202,15.726285074724258,80.1940992266781
Kerala,32.14395319969362,54.88338146176924,11.334123487059085,80.6505840943704
Rajasthan,31.23916488437012,62.90059760738185,10.983775207284591,84.6254713445093
Rajasthan,31.265826190189905,72.30516018918684,11.865549741185148,103.38684952117497
Rajasthan,29.087895014237915,52.730568539940535,13.37226803570374,76.89345042765163
Rajasthan,28.970702845598296,48.80132480189641,11.292903347536871,54.17288719217632
Karnataka,29.441988345785493,48.43473872452125,13.334716239781589,69.04771955926091
Maharashtra,29.691179000699357,67.19162277129095,15.49806829653009,84.32846406845712
Rajasthan,27.563985394025366,54.72118023275236,8.920015735210171,63.81023761325351
Rajasthan,34.255346070103066,82.50857053444003,11.695612925552163,100.45531260882126
Karnataka,24.171642048556677,60.27062472951149,6.294484310874369,90.33584763005493
Maharashtra,31.56524854956573,59.43510084711839,18.18284919063687,74.15845788719787
Rajasthan,24.070697264348986,25.17065373987284,14.16736835734527,54.40151800373405
Kerala,30.86980574842854,44.41389650412329,12.066197595636453,61.59116332335191
Rajasthan,29.73797774711265,85.56158274383236,16.987566862138877,111.82657801385318
Maharashtra,28.63438823796544,75.8164748245989,9.895350585810043,82.68543351040226
Maharashtra,34.62699045398362,60.47672352242386,18.916459072278137,84.95341817304548
Gujarat,41.09390116724067,57.61432184399923,13.18249795498838,70.56296191571498
Maharashtra,25.60864963163317,74.42934929333067,12.930379632911265,96.04292511951272
Kerala,32.209930031975155,53.54421785404476,13.521525792865244,74.3931555165482
Maharashtra,26.535079013342504,72.01122031984949,16.952951762585727,85.82519241660938
Rajasthan,27.343928526962006,67.2581497678206,7.590831400654307,98.9180896690989
Rajasthan,28.196760439669042,68.08378777715602,13.184739218924054,95.59567335831616
Gujarat,23.403390431101187,50.88077329072223,13.54264000187695,52.042984492529655
Rajasthan,29.84470533564549,46.354748745272495,8.253974500841617,61.39406324720838
Karnataka,32.14812470316837,80.47723142838123,15.45811963416318,123.19816998991935
Karnataka,39.436679494472074,61.79253781897023,11.306715382997808,96.55044414870139
Karnataka,27.003167530798404,43.349946421711095,21.640194597628536,61.24437732494789
Maharashtra,37.671817667205104,57.3354494192194,13.220426932962916,74.57630929484407
Maharashtra,26.11304962070548,70.39987035498902,10.286619041176554,73.9810366567586
Rajasthan,31.245893358569486,46.59760149168588,8.741620827318243,63.45499183985192
Maharashtra,23.731499350508898,66.93999205229832,12.396506144618549,82.03948131758295
Maharashtra,31.393095960329592,38.58999615726802,12.808083747960028,60.31151994388774
Karnataka,35.609528554910675,47.72394104206974,8.664062583202131,71.0813546352121
Maharashtra,26.486359920436804,41.929600757578314,14.02161709372399,61.31066821130204
Gujarat,38.49747226335673,76.17005059061215,9.564464248758645,98.61527914838021
Rajasthan,31.6567082338967,68.00101276856343,8.149251871568186,85.17492189446482
Karnataka,39.71334062080752,52.739144710083025,3.7572059413443437,87.80655918159272
Gujarat,26.98009687015385,56.55677016959479,5.442063349898263,75.80084257301246
Karnataka,30.095774575289294,63.445511207517825,6.446439436913222,87.07573193622383
Kerala,24.522995484953817,64.47587769849457,11.779207062850494,90.94757567713656
Karnataka,23.431924269604668,72.80712843463603,9.777831353698257,87.43438606188725
Kerala,25.255417395875813,86.21044796873338,15.728766257041539,108.99606351111603
Gujarat,25.971973007868705,75.18204691362796,9.486463636019447,97.14187855889789
Maharashtra,30.73770455932664,61.1548262958734,16.074293212744163,86.84379895324855
Gujarat,31.762524841784398,51.44472950379479,4.717586797805931,78.90023537001838
Karnataka,33.901714058082234,35.62803014845517,7.163862412043258,55.171952760438636
Maharashtra,21.986619275707028,41.766030060686276,12.172332032097541,54.895336295519044
Rajasthan,31.32010040666835,79.08530250160152,14.929968411119209,108.97065931017046
Karnataka,33.32357043154445,61.36453465163113,11.276862544418035,83.85047356306568
Rajasthan,26.342287151901715,56.27462960381814,6.301665441075632,83.23805472142847
Kerala,37.58197027626787,69.03177480588725,12.288147445134978,95.82058097264662
Gujarat,32.17415610383423,55.15873460822347,14.710558753933391,85.7694055622225
Rajasthan,27.701615657553532,37.11396145194477,9.20850492553645,63.1976794288036
Karnataka,27.931972332891778,88.31531486010286,14.226212498135032,102.32168455812989
Maharashtra,32.079883106089014,48.03009896727785,13.092796796088175,74.18020787410877
Kerala,23.56418215707875,39.04322722330513,9.66560269461598,66.1180714483139
Karnataka,31.413943482418382,55.63933884970171,14.788261096057548,75.6460362313436
Kerala,27.22215326026036,40.47984709746631,13.937786421115751,62.622220167868655
Kerala,26.427427337971306,73.45461657930711,9.866781066288517,100.65620062238285
Maharashtra,33.201985924558386,62.23457923990815,7.625771416447057,80.77004749674194
Kerala,30.802886748078205,60.799611308981405,18.89386136026841,87.68367419139568
Rajasthan,26.39792571598081,48.56576238004027,18.200998691088667,66.71460125403034
Gujarat,35.159339912674156,80.18704901044303,14.949010131772791,98.40331378305478
Karnataka,32.01650195122641,66.41425922377174,5.754590656890801,107.77737184447263
Kerala,29.679694807330556,67.9483973232566,12.831843722721544,108.9511316501611
Rajasthan,29.172359243233362,49.80923145290475,10.491823323462967,67.71356046770799
Gujarat,30.49534537961705,37.2404067648226,9.835664681288723,59.79767691797362
Kerala,25.615347746081728,43.27824142925227,2.975470770028222,57.216987873381534
Rajasthan,23.653347517266504,85.53771987194409,12.809315185691208,126.9477120401499
Rajasthan,27.556561849244954,80.2368952225261,15.791936479427928,103.97388157591705
Rajasthan,28.016275105028132,56.013364553185845,12.011242062744493,93.40863816363625
Karnataka,29.71705755550052,78.28456184690495,4.195592543845501,108.97720459593415
Gujarat,31.68966860317331,56.24402028944871,17.003817896907396,80.49880148569378
Kerala,37.53816779456842,49.617716818846645,17.232047662647112,61.35256337885808
Kerala,29.352413765682797,68.69785927942698,9.172429728050604,102.9174656899457
Kerala,29.108902598073815,39.53628367173134,4.922165618733622,54.27497559275329
Maharashtra,32.21750860292262,42.72197423119839,9.13991252787903,54.34738436547441
Maharashtra,28.360882368286514,54.92259053561554,17.98440893370224,69.93234112290757
Karnataka,29.028654340107405,48.66312749762456,16.194828505666255,84.60570274638624
Karnataka,29.804138146968903,59.06167371017439,7.685851709952013,74.52094847729447
Karnataka,29.30301399668383,71.09479727587006,4.362575649970829,111.83951428292144
Rajasthan,26.543127512930322,75.67701822576404,15.293237808416734,88.99722187592944
Gujarat,31.721921086892674,58.884471017719285,5.064694582065328,88.41244429230613
Kerala,37.821347594730156,66.16539982228092,12.158362119111796,83.60908073686298
Gujarat,36.051217502534385,55.96475180377766,9.63673160505678,88.84269757210123
Gujarat,29.446673157213354,46.55036659027188,15.367934781808508,62.28132404791591
Karnataka,34.20752339907998,65.54430531508996,15.218004223795838,100.35235905247572
Gujarat,32.5085949651385,87.64354572456976,9.39574399234051,112.26837505541663
Rajasthan,26.967483058921303,66.83856292756055,10.163638759124034,83.69492172316464
Gujarat,25.051930204985922,56.34145168011805,13.545231527123471,72.19314557365699
Rajasthan,35.395566519969634,51.31648451495351,6.824722392782315,64.88893661000363
Gujarat,34.31216704777678,65.10762139113035,10.245657157261293,95.7618480277748
Gujarat,32.33913362617979,91.21904443150085,12.983587307651618,92.20659293208274
Gujarat,34.46476935054385,87.4443030257413,10.361253629482011,126.18039381311851
Rajasthan,28.16586167046461,82.46664811863035,20.457326858920382,97.37152149613586
Maharashtra,41.13009442883345,60.16386728360333,11.773880466481279,85.40233589321076
Maharashtra,32.77794342334469,96.43923964426875,11.215972666113238,112.12500426244733
Kerala,33.317238645757556,49.1363020191249,14.345331902312548,67.3573211952426
Gujarat,29.30974075013811,55.71540648752117,14.734689685667668,76.53847763325622
Maharashtra,36.85268071998357,70.42804350125999,13.135004094646005,89.12075792410248
Gujarat,26.714250846057176,65.1352676854441,5.6226860268741685,106.7683055327822
Maharashtra,28.416174470321764,59.66133088358373,11.257530128328316,79.20736307874851
Gujarat,37.646834041740725,58.57071979282493,16.778253724736516,93.28205978377827
Kerala,35.83443937844928,67.64304443153897,17.02389168172462,89.79008608421428
Rajasthan,38.110965507747146,89.26713072446692,8.907666177718076,123.50874042025475
Rajasthan,21.65700370560902,75.88092794825818,11.308793050414142,106.21217902395684
Gujarat,22.039282361028363,73.11265375857485,13.495073712373978,105.72587055106604
Kerala,34.21019198662353,47.860675691335636,8.791190863055196,68.1467800080671
Gujarat,35.82516052419729,41.31609132578168,4.119998178324503,73.34307713471861
Gujarat,29.630770364177252,71.94863261293503,3.952167890000741,99.85418986582312
Kerala,37.67574360003774,50.14567235402385,10.48978137436416,78.6329739384214
Maharashtra,24.239153102399907,62.67046102019059,12.492424338350437,92.81974530384134
Maharashtra,37.79360606421719,43.69391435145731,10.254562125127038,44.174448347050394
Gujarat,29.842438377884886,64.12112854119518,16.27583814110055,87.89570473448431
Kerala,29.548129844407793,74.65977774096494,10.955623606149695,81.11634848080276
Maharashtra,38.38196513604102,45.81739680085903,7.3865979576161624,83.32902476541378
Kerala,36.74073924303486,48.52582138682575,8.843433486429591,77.40445940363314
Gujarat,35.17862321291516,72.29592497536518,11.999523405763625,111.57796893427987
Kerala,24.090629372895993,66.7421086924846,20.344188198148455,75.88499372612647
Kerala,28.51976949839382,56.39770781538763,22.218745303608465,68.84956401123684
Gujarat,33.36303864391327,78.03358170623511,8.997191891854806,107.1750567257606
Kerala,35.51938671658129,67.12751619743072,11.990384636324585,88.82288088641708
Gujarat,34.56885810692793,36.814053199639005,18.359355912722734,61.694198328153966
Kerala,35.053510822930555,71.23565916789059,13.848053239717139,97.15286152510139
Rajasthan,24.86815396167054,78.45000859078725,8.14117829699714,120.41641934840403
Maharashtra,24.04900485952244,76.31035238573946,15.272509144992735,77.94666863557265
Rajasthan,31.090125460662826,45.31778630878291,11.647822123295825,69.81458453917392
Rajasthan,30.39288514859575,28.06898858377782,13.832672459154795,34.93221488991675
Maharashtra,31.540428303795704,59.54421765735021,8.756595463437277,106.77973153180078
Karnataka,30.86263391461545,67.66294483722477,21.778331010330024,84.6705280812518
Rajasthan,25.80703423518068,52.44665061273941,11.190392045474624,73.25192014149069
Gujarat,40.825280339033014,77.85822891515394,12.85029612252886,120.2572886641399
Rajasthan,25.722163817883605,44.58094858389991,19.955072095658185,63.71288507722421
Maharashtra,22.115017589045014,47.95763334073737,11.704108545622487,64.3387801964623
Kerala,36.870106710665624,36.85780286895049,4.034711810479157,64.05917747346719
Maharashtra,41.35724872711398,53.93403865224058,13.965717810880799,86.9073589749679
Rajasthan,32.9789390079968,44.73892468065438,8.067511461672634,51.56787259370506
Gujarat,29.493108718679,52.60840907635595,22.53415176012642,76.43384855418529
Rajasthan,31.993475918111187,52.66141150501358,5.815351521556405,88.9752718268336
Rajasthan,20.343115696034808,73.05373490866965,10.812412594717983,95.28093610615628
Gujarat,30.658222834596423,51.156489240113984,11.062660355831746,81.47254757876897
Rajasthan,28.676786568496375,39.553824826534594,9.438409283765576,50.7985056821536
Karnataka,31.262844229983116,80.7679807139086,13.776793309162688,119.4331905562907
Maharashtra,28.483845379785663,59.48827646228484,14.249376156936668,77.47504050889091
Gujarat,28.83283600678052,59.38808265322558,10.363533545378994,82.38801109135063
Rajasthan,37.00199897397641,68.31337055919059,5.822490586606455,100.05302488700919
Karnataka,29.442455864285282,47.925502787211585,10.449200334365756,64.9609145201904
Gujarat,32.77470099783669,38.27115296225638,16.1209608514811,54.140200280241174
Rajasthan,18.11783571831068,54.919629901171874,11.208923821177542,73.49090876024773
Gujarat,35.27772301065988,101.26084545805995,9.939966894577232,132.94630047817628
Karnataka,30.87643389466962,39.94911841686104,10.35270652414537,61.59062675804402
Kerala,24.21841443832678,93.84408397706775,14.852879281583945,119.47562437058674
Maharashtra,21.81197541271664,61.79400394000656,13.276641160367962,82.38600770704278
Karnataka,34.8509841334265,41.925965981579424,16.59015685437558,55.474388648152356
Maharashtra,28.193447190163546,59.037237580667714,7.957607120284346,77.40194261771529
Karnataka,32.645081499460545,60.85431660382347,11.898390197020301,75.5751881425976
Rajasthan,33.10373777639712,75.60282847189129,6.383994814475609,131.810432514277
Gujarat,29.084247644733527,54.64990298730193,16.722563649808578,68.83210385267347
Kerala,35.97047624973076,43.25703582960465,21.228083667814445,61.737505182217575
Kerala,27.01288317428386,76.16852609179988,9.783778826348865,117.96510609468326
Kerala,31.959218439987026,25.654266753110555,9.79752589359148,64.60224288484316
Rajasthan,35.693673871368034,89.55387672951206,12.66293344345967,116.01128147685766
Kerala,24.994688933077835,55.74472959482771,17.47239392705525,62.46189151728434
Kerala,33.67762127062549,84.87727562952121,11.288247300032246,120.50370159872662
Maharashtra,24.46690294659362,68.59231508289398,7.746750084553183,85.0777434368677
Kerala,27.316384449584856,70.74166047121649,9.619213076230833,95.3108885980648
Kerala,34.39708520568701,43.83935884522863,17.50598580007815,67.68529887722597
Karnataka,24.50954353281992,60.587318877196864,4.560260552693576,77.53802221946532
Rajasthan,30.816051275136772,54.459703349301556,9.7786307845467,68.08986032520997
Maharashtra,20.799611277471236,59.51579083425794,14.562171740299094,78.68088513431724
Rajasthan,25.543907499466247,59.07239874058975,15.410383213180411,100.24139847879172
Rajasthan,28.18621733600222,51.72658786613985,6.624513577762898,82.68443640878246
Maharashtra,31.145373441028514,76.11477019073342,12.89735862711233,112.0813789088738
Kerala,32.21039518400504,78.3169661778974,7.877242394318126,99.10353499723456
Karnataka,27.139029648532784,48.14980796878386,9.48259160125326,61.01235073554182
Karnataka,40.059129982213136,39.46295193975803,9.244670422701638,66.03918955245528
Maharashtra,30.356268749554463,40.597385621938564,9.217220491211744,51.94856113957424
Gujarat,36.15884114744746,35.39307964415387,15.993691292488696,52.66147064539663
Rajasthan,29.463226046429916,74.99128549016866,19.61317075090864,106.37796371772566
Karnataka,25.83181927545774,70.11674103605503,13.390660985629705,83.82374662506777
Maharashtra,28.035989017404066,39.556328799750375,14.796081234335581,54.611660139082865
Maharashtra,26.100735268891807,76.22977213874913,6.601695153793871,98.39344797575397
Rajasthan,29.10453357491922,65.93729671643885,14.771423023271247,96.59197139479816
Maharashtra,27.775528267255766,46.44958563678465,11.700176139962398,70.97270700880209
Gujarat,30.111019672713184,38.08612592022514,9.25109387634396,40.189238289207296
Gujarat,25.82838477254209,71.4604467235929,5.828793939161416,90.59053997398371
Maharashtra,36.707159876868516,49.60867713452936,5.967248582584285,64.5240331736713
Maharashtra,28.66436832029654,66.94702911361516,10.562044839185521,116.53796791741854
Maharashtra,33.91436867474286,53.53311645637351,13.632211387347024,82.61523639155217
Maharashtra,27.852674282494206,73.24569191551544,12.61209037490354,94.00564766185666
Kerala,24.768225633148123,60.43654062487534,15.959440562343996,73.96825264056518
Rajasthan,35.96367582708207,41.13197766136668,14.92552101029997,68.7667754166057
Gujarat,34.736811997299824,49.43512214687203,8.959307779539118,75.78192831113333
Gujarat,37.37023300073051,79.97382048731549,15.17698236400387,105.8419905119267
Maharashtra,35.958537485535324,58.74423060226182,7.521815486467325,82.28050225984435
Kerala,35.483503160541524,81.3594340765471,17.845137110140946,91.58038345643219
Kerala,25.69903652288751,94.42152887321677,13.515242117986373,125.87907248612953
Gujarat,29.247678000884633,70.01491188970385,19.40752756773549,90.00879861835263
Rajasthan,34.36098500036489,55.27369903208837,9.713015832175754,83.92110169227773
Karnataka,24.602689426163366,41.96375697097936,11.184636277045405,53.47938649981566
Karnataka,23.072858659427546,71.89928107747687,15.986098535586322,85.72309082379884
Rajasthan,32.12033430759226,60.59170572361109,6.25636190452589,73.73514728649658
Maharashtra,28.15151472014457,54.52352665889005,9.956748696921554,76.1075714554755
Rajasthan,26.64462286546728,58.06132113071223,9.570831260208635,56.00350836102156
Rajasthan,34.977907570010146,85.54758914877057,5.447883770255933,100.64794097890612
Rajasthan,32.1572691699738,73.17293195629752,10.319545753695929,93.96246562222446
Karnataka,31.011634074420705,68.1313488720056,8.641518906979806,105.64870022123947
Maharashtra,33.96587844109339,58.16914301818084,10.168606455270043,82.14170658432363
Maharashtra,22.954465361220116,53.870461311949946,13.915274992852302,78.74296060870071
Rajasthan,31.6083927068825,62.520897089502306,8.019406072586483,86.6084194177114
Gujarat,29.580090655969137,59.239361702017746,15.463706473220407,91.25285368378113
Karnataka,29.467560584097264,53.19311272253874,9.70427996813057,86.58660264447805
Rajasthan,34.803510703595975,68.53063524053509,13.245870253044213,99.96824098357436
Kerala,30.18655587331081,52.50487012578029,14.589069945761953,55.13512739292645
Karnataka,31.12880761555877,60.26419877900486,8.098535890887,98.48696089466671
Kerala,31.55724077912356,58.20846189084421,12.46239198825488,70.72600926259804
Kerala,26.612414640581015,58.335195423423976,9.529290044953612,67.9776987719789
Rajasthan,19.622059954607334,58.7089546081366,11.398718158912512,73.5751979275302
Maharashtra,35.62846408008458,42.01294148477594,8.064824329236712,75.71829540652448
Maharashtra,32.42500645761614,52.982667257516006,8.781101710326475,78.00816374452924
Kerala,38.54914093038499,57.46916732704094,11.268026312773198,73.83406862139674
Karnataka,37.849332181299836,61.02955572641573,9.443077754879472,80.41831351646437
Karnataka,23.057287230843944,35.99593343244435,7.130869231118083,54.17912803306106
Kerala,25.32926143446078,69.2093761240622,17.017254131754555,88.60275585789242
Maharashtra,25.030686625825734,66.30287314342488,8.574007050363203,90.48329273739711
Karnataka,26.88936081371643,51.69468386955504,15.606205026299058,81.39791659446114
Kerala,28.000504689344314,64.03942128871101,11.820427879509852,89.12643983326456
Rajasthan,35.98593242311214,37.85899362342417,10.478370970356615,56.97046553242204
Maharashtra,38.314994684970515,63.15820145161722,14.157815769424527,99.64529652748372
Kerala,28.98737886467585,52.07554430005531,16.144350604185025,57.911288158532074
Karnataka,31.488024713985613,43.73443187314316,10.227620504175718,76.97465841012682
Maharashtra,32.30220253789868,58.90729249421742,15.136665776870235,101.51052873463959
Gujarat,38.04390427867187,72.42344535276933,16.363446682414793,96.39165743768213
Maharashtra,29.35234296138783,39.22114365739047,2.807553651481019,55.712471952760986
Karnataka,28.360290398663203,72.01621445682278,7.560188651855004,109.80215973036674
Karnataka,25.803397991102706,80.31661609176413,6.284571053823236,109.61510207724233
Maharashtra,29.964775072597227,56.76585632147967,10.512568470885338,72.66302836400519
Maharashtra,30.86652349642897,45.65583813652301,18.596265148801947,70.9062919825071
Rajasthan,35.0169138210997,61.82722058662287,18.181028679018972,110.38898613317893
Karnataka,25.362178235687708,76.03919186358661,6.837129920846352,106.17048273211859
Maharashtra,43.38988638084939,60.970416586445566,9.509387206154514,93.11031549948218
Rajasthan,28.798358812834927,34.95198499989404,14.975606707521173,43.521827207979435
Gujarat,39.76651627872995,58.068969907081154,14.915037132575119,71.11653764889718
Rajasthan,20.94601199720183,67.24595038891985,4.816253794653256,83.11151397862609
Kerala,35.75564702979095,56.714522784712834,16.774579462292913,75.34979646400254
Rajasthan,21.68123402484004,75.73688125860038,9.733731221884124,99.35530137604486
Maharashtra,29.377863384467908,51.464589565872096,9.782648130746676,92.9115286468198
Rajasthan,41.294135609540945,49.82539901227206,20.409746707927354,71.7525268857189
Kerala,31.148207081949348,46.17075709402409,10.129771560717264,67.78877989197869
Gujarat,25.57920760028116,21.173750516937005,12.23907134949313,44.021612195227135
Rajasthan,37.66582058342715,75.0570232249872,12.549905380564581,126.02979304604683
Gujarat,23.085325248416094,42.28644822643792,7.9721069127923405,56.76761042192208
Karnataka,32.369670496056756,49.190609136138484,18.074873410867177,76.3750293073593
Karnataka,28.74255371254255,76.41509679603982,13.608770549790886,100.23158756871129
Rajasthan,35.0400200214663,51.75593123002749,5.417629543832744,93.05729054267461
Kerala,34.26710725746057,54.45919901904473,12.387880707043399,77.32534881310355
Kerala,24.215753349306794,73.85766276391522,14.155324891168235,103.85126268742391
Rajasthan,40.920483666902285,68.55760812531774,9.677406789784197,93.71229707301089
Rajasthan,33.40592825062057,67.53028906495297,13.64171901277801,95.60353593173024
Rajasthan,32.94326339691217,58.74109117690987,13.332960146089714,84.65950003941133
Gujarat,30.354453264110326,46.559526543516185,14.320395366540827,72.18710448385339
Maharashtra,40.076375552303205,79.35966691383821,10.41121873541605,101.12372504757408
Maharashtra,30.38491570703577,61.8610908857924,6.902028470003909,91.15066142158987
Kerala,27.75500515438053,59.81876984344278,9.821911365222718,67.86457399731592
Karnataka,31.214410065751373,28.76851945216519,14.212596625516836,40.38364640615113
Gujarat,29.365596429489027,47.610237329602256,8.958836209744081,88.45202712183952
Rajasthan,28.24187416069538,64.43144717582672,5.940302898519789,81.64591291778558
Karnataka,19.610940900719015,55.19553293195037,18.573512623218136,74.07453509609246
Kerala,41.95383082383862,65.65638140613714,11.600120880732387,80.32816922616733
Kerala,33.507484340594935,71.90413030554318,16.772154338378833,96.51665907373382
Karnataka,30.113154263384345,38.9165541921557,8.060027496731939,61.3252340087335
Karnataka,22.789702290708952,31.841638397920565,17.900645389626753,36.34847662834483
Maharashtra,27.595831052440104,70.44251995738934,9.929229708523142,94.46925812223958
Kerala,28.06772384622037,73.59848641025552,6.8674199662149755,113.46464770332815
Rajasthan,28.559139269225664,66.1917412923589,12.744053512796375,100.49236649142824
Maharashtra,37.992690560481705,72.0319268792718,15.448894047547908,86.63771876317617
Rajasthan,25.410737840520312,50.317321108659065,9.010487085014832,65.0693694565097
Gujarat,34.36814251037265,59.54395850204252,15.707467543007834,105.9668708876914
Rajasthan,24.681770616350278,49.58275686206673,8.180045408453438,69.75376218561348
Gujarat,31.197447340563897,65.99473658128451,16.52460511314471,90.86457020376908
Gujarat,31.176589807195498,51.89845359601823,12.496626363885213,81.21529421549094
Gujarat,27.68823738103339,66.17172491382885,6.51453252727047,92.95817014881139
Gujarat,25.24544635156384,64.77781507198311,8.033213346238758,81.6173345094421
Gujarat,24.053837674614353,75.80978656774315,14.288025113201892,91.66497082852955
Maharashtra,33.32477728867858,45.177549784943864,5.515522091775281,65.96353399136845
Maharashtra,28.549812801968137,54.575512145742614,10.370474530472755,91.36831410022141
Rajasthan,22.438622036294625,46.50938809268019,12.025856748790389,57.84926986817255
Rajasthan,28.969377463736794,71.40482813024786,11.280733474479838,98.40408157183445
Karnataka,24.50689787411094,81.30756430906595,11.546077416471435,108.57428761923528
Maharashtra,32.80446361340903,41.19913243163768,8.54786037166804,47.04750258635694
Kerala,24.97073217625518,34.36035457063432,14.605380049412194,36.14553894321544
Maharashtra,28.99823711102918,63.47763138202272,16.58412057656826,77.9233251925123
Gujarat,24.436847193809307,59.509645244981954,8.770231099703011,71.01937569074039
Gujarat,26.207685188500655,45.44584824096244,17.832817953549615,50.65439877834045
Maharashtra,26.961768273132638,57.94033551316681,15.831166457891623,80.33597032900525
Karnataka,38.42174258062491,75.00032572639233,18.78972872534708,96.76551449930014
Maharashtra,22.324906186670624,68.06276074530173,12.154014582539235,103.59741241895442
Kerala,35.79617075142102,60.70607530211831,3.3165537166653234,84.62473304880997
Maharashtra,31.906548061323925,64.67479284007167,5.924356699639729,65.47841706056542
Gujarat,38.095046436436505,57.68078787679641,15.164119439831612,87.82919161000805
Karnataka,26.17095009970644,59.48217300253033,3.2052287510833413,96.6988706500018
Gujarat,32.63268341836154,52.83883940710799,9.400692458010255,77.74442356216423
Gujarat,25.727119098158376,35.40436321694567,16.978119642706574,50.35618918541412
Kerala,25.24365303430849,50.94164826516321,10.428231992774382,63.41283454228788
Gujarat,35.708144321647445,53.367675446452196,11.928142846171376,76.27062696345149
Maharashtra,39.06703849257711,54.85681707663654,13.113394538578678,76.33554775068745
Rajasthan,29.431307134076807,61.077962466875,10.596460905484003,72.07230870264355
Kerala,29.2004198858228,74.04756175095733,5.167522421567481,128.28397619722898
Karnataka,34.481419800653036,60.31752216622289,11.73578000441009,101.05945167500344
Gujarat,14.961838301531214,68.56769109328813,12.974628894810857,74.9676757262738
Maharashtra,26.6209301448334,36.42632881981233,8.824853903924122,55.868165499672116
Kerala,25.87650069821604,80.00232749257601,19.293965877197763,100.77384605934814
Kerala,25.996212236368912,41.03362620573655,14.095108846234716,70.31552919988997
Kerala,28.39768725120178,60.37145307143704,10.643052130961514,67.02613813570565
Gujarat,26.035262513341998,70.31197934654229,13.789822168531883,90.17603639925618
Rajasthan,29.618051818665833,57.78720653072916,10.75852486567482,74.91463492054562
Karnataka,36.43312905051764,50.85023067722185,10.414734533726335,64.80341805286452
Gujarat,30.886895854572337,28.501901516714298,9.600503325596737,57.74887075660478
Gujarat,26.202466692967757,49.182231647228164,5.131752206231805,70.90368798924386
Kerala,27.62700515698111,52.95593015277224,16.86910035956226,72.75400038512495
Kerala,34.8604540937823,79.55150162273605,10.55987401202017,114.96610849958383
Karnataka,26.214365765919748,56.434334367811815,2.954835892999453,70.92002895171257
Kerala,26.75573908295055,65.65363412439602,16.42007375540644,109.09400648684024
Gujarat,34.4025383193927,67.44132744438848,14.884371185944385,90.38439740549377
Karnataka,39.75425901183965,64.0666055234555,15.758317649420716,83.02901851259772
Gujarat,28.6366098420995,63.64517785514551,12.315172072831384,88.67159126049197
Karnataka,23.395373469683495,28.14475474012756,13.158614792839032,41.982522433988755
Gujarat,28.2292360503074,75.60761966023657,11.000100325447704,101.52363496953366
Karnataka,37.54565506702275,69.0840934894697,14.034433492933768,93.16031647344845
Karnataka,21.39694503751829,48.79818975694715,12.716261717093538,69.86714524757335
Kerala,36.03304077431957,37.09248215115529,7.77964252729322,61.45628357269885
Maharashtra,34.54598175849761,48.01071429200593,7.43168704362248,72.94561055718468
Gujarat,28.878089450543317,75.31652359359163,4.719408712016684,98.25818939040238
Kerala,30.221793987578035,33.81438850710522,13.97882261510013,55.328866731821684
Rajasthan,36.97312694105588,44.32178456518935,10.414417919294182,66.85872750634178
Maharashtra,26.90951688525806,52.154141399421206,11.339970554534633,83.4645721254109
Kerala,27.022325324080704,73.50799615997387,18.797743932034837,92.06348460498221
Gujarat,30.804421914958844,46.161109997587076,2.387293629631923,88.07554246621366
Maharashtra,32.110542967449526,83.35322754820038,11.198101563368487,95.04961042249917
Rajasthan,38.95632532085353,62.21026909714867,12.736531092090178,77.5115463881834
Gujarat,26.730508058372116,60.409700697771584,11.810517189822257,66.491972076104
Karnataka,27.751091980365278,62.2999299320577,19.76875845077508,63.33688148609696
Maharashtra,23.83113579222222,57.528886048438466,15.704272983311643,61.26081469383948
Karnataka,31.27823851925215,71.93783444481069,9.873384701330021,98.29534042519907
Rajasthan,26.09893538816799,73.21743702655044,9.551775094146354,105.61004058311087
Karnataka,26.637572019968317,63.34906253880391,5.031113229458899,82.36790909954398
Karnataka,27.64848428698019,35.628279609041066,12.765971406692696,43.813121402798345
Karnataka,30.393888639331667,75.8088136710968,8.121985976616042,102.92386840982589
Gujarat,30.785639594954706,62.64284733754039,9.332605132193745,89.74362173628845
Karnataka,23.557749072053504,68.38358941746242,15.675995029027394,87.86720528797383
Kerala,32.87952218466168,57.75852770983366,16.48881427079086,84.50108443404453
Karnataka,43.83069959905949,64.0241240968429,11.046915848774994,83.01980274907233
Kerala,32.342875349769805,79.74819258277034,5.042392112253052,99.83175037056925
Karnataka,36.651908428290305,79.815926075302,13.409161776665146,101.36461009109223
Maharashtra,29.37412785808418,72.70323155827371,11.53910306979121,94.61978199393236
Karnataka,30.706767633034666,50.03251977791648,13.075854056493256,73.90937271582594
Karnataka,33.883230141970735,59.15798575560623,6.4416033462657385,96.40785780190686
Rajasthan,28.245752849617627,26.72478359923378,17.47880443061674,30.08842959352347
Rajasthan,24.666719334710955,76.53563131005902,11.334090452207914,96.07792315750244
Kerala,32.145664307611476,49.24936756624468,16.40104641292388,70.07240450367078
Kerala,27.234550915429338,70.43795758640678,16.69376910652978,90.40924661582578
Kerala,26.327133067137133,29.702800014926492,7.218732807237655,58.99479321683817
Kerala,28.835909588895404,60.963462505549906,12.45811518314633,101.86328475791802
Karnataka,32.983793231509246,29.645190329817492,12.801806017361269,45.03388406030129
Rajasthan,33.20452656896893,65.91594786274263,10.412571820338718,80.10984669529536
Maharashtra,30.478679169332818,51.10012665555099,9.846154157509833,83.53494301702992
Maharashtra,29.6882267901561,67.36373023389989,14.82503214764121,86.23256552172002
Rajasthan,24.713010711280514,69.44971260521302,8.522990579136334,89.70961164658843
Karnataka,34.250396662087766,66.26521128359101,12.42977749736357,96.78823342847394
Gujarat,23.53673737920375,42.27630998140611,5.452901005571948,70.28409953498327
Rajasthan,33.535930925250476,74.68778153384599,14.550877988727665,106.52704220071605
Gujarat,23.027524655703694,75.80837328443825,7.22190824093586,103.1752706648443
Kerala,32.754132910880614,40.761336876644336,11.90791016625836,55.38400801556449
Karnataka,30.019403083402036,84.33262378304781,7.053918654613312,120.84777446177225
Maharashtra,35.12693282271981,53.1012850929649,15.526339937554255,76.48589932231718
Rajasthan,31.145734172495562,59.32881622866025,7.877148274935523,73.96815797680304
Karnataka,21.673454606611813,55.62718033623756,11.134382316160542,76.95109192432592
Karnataka,29.75397541913316,67.33625817226114,12.60348748510188,95.70251969476482
Maharashtra,26.128769432214874,59.162326487658405,9.880894116628683,91.35747252901876
Maharashtra,41.99249303346615,100.11155838729027,11.278033364041047,128.48181592526663
Kerala,33.613604897265766,67.44923074451034,8.58163826141684,96.10168405955447
Gujarat,27.56147313525628,76.11499507155366,13.985600470935765,121.67370090569722
Rajasthan,28.696150768719658,41.42155216447999,7.408256727162489,62.16747413002697
Maharashtra,32.50415795502106,46.8228929798691,14.969835654370481,61.57272443628267
Kerala,32.524330765889005,54.13862380403219,11.14465030744823,91.01285003544925
Rajasthan,21.38828321565107,31.000648925016403,16.276577055743655,35.277572282445526
Karnataka,33.44304026845015,58.8105501370733,10.084055811697539,107.201073612197
Karnataka,32.052750426638084,56.533957838134796,17.572725031739623,86.98879825187494
Karnataka,29.603057877971487,55.493010769189446,7.977594497242137,82.60150535229809
Gujarat,34.09401887868631,62.369364041714306,18.923406183479894,77.86372075147959
Gujarat,30.02969084707575,72.88032767198439,10.422109226287915,102.5405323599828
Rajasthan,27.0179429601556,55.51227341358848,15.235677077570877,69.70844353460835
